surnom;titre
Bozzo;Les Zappatas
Blanc;Les Zappatas
Jules;Les Zappatas
Blanc;Rigolo
Raoul;Rigolo
Volante;Sans filet
Etoile;Sans filet
Marie;Sans filet
Pierre;Sans filet
Volante;skyisblue
Milledoigts;skyisblue
Gary;Millequilles
Milledoigts;Millequilles
Bozzo;Millequilles
Bozzo;skyisblue
Bozzo;Rigolo
Bozzo;Sans filet
Milledoigts;Sans filet
Raoul;Sans filet
Jules;Sans filet
Blanc;Sans filet
Gary;Sans filet
Milledoigts;Les Zappatas
Bozzo;Intermède
Blanc;Intermède
Jules;Intermède
Marie;Intermède
Raoul;Intermède
Pierre;Intermède
Gary;Intermède
Milledoigts;Intermède
Volante;Intermède
Etoile;Intermède
Feignant;Intermède
