login;nom;annee
adame;Iron Man;2007
allegreb;Nick Fury;2008
ambernyp;Pepper Potts;2009
aouissai;War Machine;2010
aravenad;Hulk;2011
arnaudso;Thor;2012
banroqum;Loki;2013
barbiehu;Mighty Thor;2014
barnouic;Heimdall;2015
barthesc;Phil Coulson;2016
belalh;Commandant Hill;2017
bendrisn;Captain America;2018
benhadat;Black Widow;2019
benkheil;Soldat de l'hiver;2020
bensaadn;Faucon;2021
bilsb;Hawkeye;2022
bouaricy;Sorcière rouge;2007
boughenr;Vision;2008
bougoffa;Spider-Man;2009
brambifa;Black Panther;2010
branchee;Ant-Man;2011
bresr;La Valkyrie;2012
brochaga;Star-Lord;2013
burellil;Gamora;2014
chababa;Drax le Destructeur;2015
clavagua;Groot;2016
cogitorp;Rocket;2017
collotc;Mantis;2018
correarn;Nébula;2019
creusotj;Doctor Strange;2020
dagandt;Captain Marvel;2021
dallavaa;;2022
dechenae;;2007
dettorry;;2008
diabyou;;2009
dieudoem;;2010
diiorioe;;2011
drouichi;;2012
dubiefe;;2013
ducruetl;;2014
dufresax;Loki;2015
dupontno;Mighty Thor;2016
elsebeim;Heimdall;2017
erdoganm;Phil Coulson;2018
faraha;Commandant Hill;2019
faurelu;Captain America;2020
fermathi;Black Widow;2021
fontanit;Soldat de l'hiver;2022
fossel;Faucon;2007
francoue;Hawkeye;2008
garaixle;Sorcière rouge;2009
gaua;Vision;2010
genardg;Spider-Man;2011
gibellog;Black Panther;2012
gimbertb;Ant-Man;2013
girardth;La Valkyrie;2014
grandetf;Star-Lord;2015
granjonc;Gamora;2016
guesmid;Drax le Destructeur;2017
guilbaua;Groot;2018
hayotj;Rocket;2019
hubertni;Mantis;2020
iutdeuxt;Vision;2021
jacobt;;2022
jahiern;;2007
kayakusa;;2008
khennicl;;2009
krainikv;Vision;2010
kusa;Wong;2010
lefolj;Iron Man;2011
leglisea;Nick Fury;2012
lenoimat;Pepper Potts;2013
lesquean;War Machine;2014
lizzia;Hulk;2015
mailletl;Thor;2016
malandrm;Loki;2017
manjalr;Mighty Thor;2018
marcouxj;Heimdall;2019
marsandm;Phil Coulson;2020
martinst;Commandant Hill;2021
mbelondm;Captain America;2022
menigotc;Black Widow;2007
metayerk;Soldat de l'hiver;2008
michele;Faucon;2009
michoull;Hawkeye;2010
milianid;Sorcière rouge;2011
miquelv;Vision;2012
mitovt;Spider-Man;2013
moncenip;Black Panther;2014
morasev;Ant-Man;2015
moulab;La Valkyrie;2016
moulieli;Star-Lord;2017
mourriel;Gamora;2018
nemozgaa;Drax le Destructeur;2019
nguesslo;Groot;2020
nicolalo;Rocket;2021
oueslatd;Mantis;2022
pascaln;Nébula;2007
passetl;Doctor Strange;2008
peguinq;Captain Marvel;2009
pellerai;Thanos;2010
perrouxv;La Guêpe;2011
petitt;Wong;2012
ramete;Spider-Man;2013
rastemax;Black Panther;2014
ratgrism;Black Panther;2007
raultt;Ant-Man;2008
rayotn;La Valkyrie;2009
renedage;Mantis;2011
reymonth;Nébula;2012
reyt;Doctor Strange;2013
riondetf;;
robertk;;
rogerjo;;
rostagna;;
roubinep;;
roussjes;;
ruffletk;;
schickes;;
sechik;Vision;2012
seillerj;Spider-Man;2013
sekmasa;Black Panther;2014
serranon;Ant-Man;2015
thuillim;La Valkyrie;2016
tierriea;Star-Lord;2017
tivollij;Gamora;2018
torrejoc;Drax le Destructeur;2019
trevina;Groot;2020
tsigrisn;Rocket;2007
venouilt;Mantis;2008
vicatl;Nébula;2009
vullionl;Doctor Strange;2010
woutersv;Captain Marvel;2011
zerus;Thanos;2012
zulianil;La Guêpe;2013
adame;Wong;2007
allegreb;Spider-Man;2008
ambernyp;Black Panther;2009
aouissai;Black Panther;2010
aravenad;Ant-Man;2011
arnaudso;La Valkyrie;2012
banroqum;Mantis;2013
barbiehu;Vision;2014
barnouic;Spider-Man;2015
